[{ "id": "Introduction", "parent" : "#", "text": "Introduction", "a_attr": {"href": "Introduction.html"} , "icon": "icon-0" },{ "id": "PlanManagement", "parent" : "#", "text": "Plan Management", "a_attr": {"href": "PlanManagement.html"} , "icon": "icon-0" },{ "id": "LocationManagement", "parent" : "#", "text": "Location Management", "a_attr": {"href": "LocationManagement.html"}  },{ "id": "States", "parent" : "LocationManagement", "text": "States", "a_attr": {"href": "States.html"} , "icon": "icon-16" },{ "id": "City", "parent" : "LocationManagement", "text": "City", "a_attr": {"href": "City.html"} , "icon": "icon-16" },{ "id": "ZipCode", "parent" : "LocationManagement", "text": "Zip Code", "a_attr": {"href": "ZipCode.html"} , "icon": "icon-16" },{ "id": "Area", "parent" : "LocationManagement", "text": "Area", "a_attr": {"href": "Area.html"} , "icon": "icon-16" },{ "id": "InventoryManagement", "parent" : "#", "text": "Inventory Management", "a_attr": {"href": "InventoryManagement.html"}  },{ "id": "DailyPartList", "parent" : "InventoryManagement", "text": "Daily Part List", "a_attr": {"href": "DailyPartList.html"} , "icon": "icon-16" },{ "id": "PartList", "parent" : "InventoryManagement", "text": "Part List", "a_attr": {"href": "PartList.html"} , "icon": "icon-16" },{ "id": "UnitTypeList", "parent" : "InventoryManagement", "text": "Unit Type List", "a_attr": {"href": "UnitTypeList.html"} , "icon": "icon-16" },{ "id": "EmployeePartRequest", "parent" : "InventoryManagement", "text": "Employee Part Request", "a_attr": {"href": "EmployeePartRequest.html"} , "icon": "icon-16" },{ "id": "EmployeePartList", "parent" : "InventoryManagement", "text": "Employee Part List", "a_attr": {"href": "EmployeePartList.html"} , "icon": "icon-16" },{ "id": "EmployeeManagement", "parent" : "#", "text": "Employee Management", "a_attr": {"href": "EmployeeManagement.html"}  },{ "id": "EmployeeProfile", "parent" : "EmployeeManagement", "text": "Employee Profile", "a_attr": {"href": "EmployeeProfile.html"} , "icon": "icon-16" },{ "id": "EmployeeWorkArea", "parent" : "EmployeeManagement", "text": "Employee WorkArea", "a_attr": {"href": "EmployeeWorkArea.html"} , "icon": "icon-16" },{ "id": "LeaveManagement", "parent" : "EmployeeManagement", "text": "Leave Management", "a_attr": {"href": "LeaveManagement.html"} , "icon": "icon-16" },{ "id": "SendNotification", "parent" : "EmployeeManagement", "text": "Send Notification", "a_attr": {"href": "SendNotification.html"} , "icon": "icon-16" },{ "id": "RatingAndReviews", "parent" : "EmployeeManagement", "text": "Rating And Reviews", "a_attr": {"href": "RatingAndReviews.html"} , "icon": "icon-16" },{ "id": "ClientManagement", "parent" : "#", "text": "Client Management", "a_attr": {"href": "ClientManagement.html"}  },{ "id": "ClientProfiles", "parent" : "ClientManagement", "text": "Client Profiles", "a_attr": {"href": "ClientProfiles.html"} , "icon": "icon-16" },{ "id": "ClientACUnit", "parent" : "ClientManagement", "text": "Client AC Unit", "a_attr": {"href": "ClientACUnit.html"} , "icon": "icon-16" },{ "id": "BillingHistory", "parent" : "ClientManagement", "text": "Billing History", "a_attr": {"href": "BillingHistory.html"} , "icon": "icon-16" },{ "id": "SendNotification1", "parent" : "ClientManagement", "text": "Send Notification", "a_attr": {"href": "SendNotification1.html"} , "icon": "icon-16" },{ "id": "RenewOrCancelPlan", "parent" : "ClientManagement", "text": "Renew Or Cancel Plan", "a_attr": {"href": "RenewOrCancelPlan.html"} , "icon": "icon-16" },{ "id": "ACUnitSubscription", "parent" : "ClientManagement", "text": "AC Unit Subscription", "a_attr": {"href": "ACUnitSubscription.html"} , "icon": "icon-16" },{ "id": "PartnerManagement", "parent" : "#", "text": "Partner Management", "a_attr": {"href": "PartnerManagement.html"} , "icon": "icon-0" },{ "id": "ServiceManagementAutomaticRules", "parent" : "#", "text": "Service Management(Automatic Rules)", "a_attr": {"href": "ServiceManagementAutomaticRules.html"} , "icon": "icon-0" },{ "id": "Services", "parent" : "#", "text": "Services", "a_attr": {"href": "Services.html"}  },{ "id": "Pending", "parent" : "Services", "text": "Pending", "a_attr": {"href": "Pending.html"} , "icon": "icon-16" },{ "id": "WaitingForApproval", "parent" : "Services", "text": "Waiting For Approval", "a_attr": {"href": "WaitingForApproval.html"} , "icon": "icon-16" },{ "id": "Scheduled", "parent" : "Services", "text": "Scheduled", "a_attr": {"href": "Scheduled.html"} , "icon": "icon-16" },{ "id": "NoShowService", "parent" : "Services", "text": "No Show Service", "a_attr": {"href": "NoShowService.html"} , "icon": "icon-16" },{ "id": "Completed1", "parent" : "Services", "text": "Completed", "a_attr": {"href": "Completed1.html"} , "icon": "icon-16" },{ "id": "History", "parent" : "Services", "text": "History", "a_attr": {"href": "History.html"} , "icon": "icon-16" },{ "id": "ServiceReport", "parent" : "Services", "text": "Service Report", "a_attr": {"href": "ServiceReport.html"} , "icon": "icon-16" },{ "id": "RequestManagement1", "parent" : "#", "text": "Request Management", "a_attr": {"href": "RequestManagement1.html"}  },{ "id": "ContactUs1", "parent" : "RequestManagement1", "text": "Contact Us", "a_attr": {"href": "ContactUs1.html"} , "icon": "icon-16" },{ "id": "SalesVisit1", "parent" : "RequestManagement1", "text": "Sales Visit", "a_attr": {"href": "SalesVisit1.html"} , "icon": "icon-16" },{ "id": "PartnerTicket1", "parent" : "RequestManagement1", "text": "Partner Ticket", "a_attr": {"href": "PartnerTicket1.html"} , "icon": "icon-16" },{ "id": "Orders1", "parent" : "#", "text": "Orders", "a_attr": {"href": "Orders1.html"} , "icon": "icon-0" },{ "id": "Reports1", "parent" : "#", "text": "Reports", "a_attr": {"href": "Reports1.html"}  },{ "id": "Sales1", "parent" : "Reports1", "text": "Sales", "a_attr": {"href": "Sales1.html"} , "icon": "icon-16" },{ "id": "Units1", "parent" : "Reports1", "text": "Units", "a_attr": {"href": "Units1.html"} , "icon": "icon-16" },{ "id": "Ratings1", "parent" : "Reports1", "text": "Ratings", "a_attr": {"href": "Ratings1.html"} , "icon": "icon-16" },{ "id": "LowStock", "parent" : "Reports1", "text": "Low Stock", "a_attr": {"href": "LowStock.html"} , "icon": "icon-16" },{ "id": "MissingInventory1", "parent" : "Reports1", "text": "Missing Inventory", "a_attr": {"href": "MissingInventory1.html"} , "icon": "icon-16" },{ "id": "PartnerSales1", "parent" : "Reports1", "text": "Partner Sales", "a_attr": {"href": "PartnerSales1.html"} , "icon": "icon-16" },{ "id": "RecurringBilling", "parent" : "Reports1", "text": "Recurring Billing", "a_attr": {"href": "RecurringBilling.html"} , "icon": "icon-16" },{ "id": "Others1", "parent" : "#", "text": "Others", "a_attr": {"href": "Others1.html"}  },{ "id": "EmailTemplate1", "parent" : "Others1", "text": "Email Template", "a_attr": {"href": "EmailTemplate1.html"} , "icon": "icon-16" },{ "id": "NotificationList1", "parent" : "Others1", "text": "Notification List", "a_attr": {"href": "NotificationList1.html"} , "icon": "icon-16" },{ "id": "SendEmail1", "parent" : "Others1", "text": "Send Email", "a_attr": {"href": "SendEmail1.html"} , "icon": "icon-16" },{ "id": "SiteSettings1", "parent" : "Others1", "text": "Site Settings", "a_attr": {"href": "SiteSettings1.html"} , "icon": "icon-16" },{ "id": "Dashboard1", "parent" : "#", "text": "Dashboard", "a_attr": {"href": "Dashboard1.html"} , "icon": "icon-0" },{ "id": "News", "parent" : "#", "text": "News", "a_attr": {"href": "News.html"} , "icon": "icon-0" },{ "id": "CMS1", "parent" : "#", "text": "CMS", "a_attr": {"href": "CMS1.html"}  },{ "id": "Block", "parent" : "CMS1", "text": "Block", "a_attr": {"href": "Block.html"} , "icon": "icon-16" },{ "id": "Pages1", "parent" : "CMS1", "text": "Pages", "a_attr": {"href": "Pages1.html"} , "icon": "icon-16" },{ "id": "MobileScreens1", "parent" : "CMS1", "text": "Mobile Screens", "a_attr": {"href": "MobileScreens1.html"} , "icon": "icon-16" }]